WARNAME,STATENAME,ISO3C,STARTDAY,STARTMONTH,STARTYEAR,ENDDAY,ENDMONTH,ENDYEAR,TOTAL_WAR_TIME,TOTAL_BATTLE_DEATHS,LAT,LNG,Start_date
Ecuadorian_Colombian,Ecuador,ECU,22,11,1863,06,12,1863,14,1000,0.343266,-77.1538,22/11/1863
Ecuadorian_Colombian,Colombia,COL,22,11,1863,06,12,1863,14,1000,0.343266,-77.1538,22/11/1863
War of the Pacific,Bolivia,BOL,14,02,1879,11,12,1883,1761,13868,-20.3063,-68.7092,14/02/1879
War of the Pacific,Chile,CHL,14,02,1879,11,12,1883,1761,13868,-20.3063,-68.7092,14/02/1879
First Balkan,Bulgaria,BGR,17,10,1912,03,12,1912,47,82000,41.919138,26.693898,17/10/1912
World War I,Romania,ROU,27,08,1916,09,12,1917,469,8578031,50.8798,4.70052,27/08/1916
World War I,Russia,RUS,01,08,1914,05,12,1917,1222,8578031,50.8798,4.70052,1/08/1914
Manchurian,China,CHN,17,08,1929,03,12,1929,108,3200,45.8038,126.535,17/08/1929
Manchurian,USSR,RUS,17,08,1929,03,12,1929,108,3200,45.8038,126.535,17/08/1929
Lithuanian_Polish,Poland,POL,15,07,1920,01,12,1920,139,1000,54.50719,25.114416,15/07/1920
Lithuanian_Polish,Lithuania,LTU,15,07,1920,01,12,1920,139,1000,54.50719,25.114416,15/07/1920
Third Sino_Japanese,China,CHN,07,07,1937,06,12,1941,1613,1000000,38.972156,117.70421,7/07/1937
Third Sino_Japanese,Japan,JPN,07,07,1937,06,12,1941,1613,1000000,38.972156,117.70421,7/07/1937
Badme Border,Ethiopia,ETH,06,05,1998,12,12,2000,951,120000,14.7256,37.8048,6/05/1998
Badme Border,Eritrea,ERI,06,05,1998,12,12,2000,951,120000,14.7256,37.8048,6/05/1998
Bangladesh,India,IND,03,12,1971,17,12,1971,14,11223,25.224762,88.865899,3/12/1971
Bangladesh,Pakistan,PAK,03,12,1971,17,12,1971,14,11223,25.224762,88.865899,3/12/1971
"Vietnam War, Phase 2",Australia,AUS,07,02,1965,20,12,1972,2873,1021442,17.01,106.82,7/02/1965
Invasion of Afghanistan,United States of America,USA,07,10,2001,22,12,2001,76,4002,34.473231,68.903733,7/10/2001
Invasion of Afghanistan,Australia,AUS,17,10,2001,22,12,2001,66,4002,34.473231,68.903733,17/10/2001
Invasion of Afghanistan,France,FRA,21,10,2001,22,12,2001,62,4002,34.473231,68.903733,21/10/2001
Invasion of Afghanistan,Afghanistan,AFG,07,10,2001,22,12,2001,76,4002,34.473231,68.903733,7/10/2001
Invasion of Afghanistan,Canada,CAN,15,11,2001,22,12,2001,37,4002,34.473231,68.903733,15/11/2001
Invasion of Afghanistan,United Kingdom,GBR,07,10,2001,22,12,2001,76,4002,34.473231,68.903733,7/10/2001
Franco_Spanish War,France,FRA,07,04,1823,13,11,1823,220,1000,42.6924,0.514845,7/04/1823
Franco_Spanish War,Spain,ESP,07,04,1823,13,11,1823,220,1000,42.6924,0.514845,7/04/1823
World War I,United Kingdom,GBR,05,08,1914,11,11,1918,1559,8578031,50.8798,4.70052,5/08/1914
World War I,Germany,DEU,01,08,1914,11,11,1918,1563,8578031,50.8798,4.70052,1/08/1914
World War I,Belgium,BEL,04,08,1914,11,11,1918,1560,8578031,50.8798,4.70052,4/08/1914
World War I,Japan,JPN,23,08,1914,11,11,1918,1541,8578031,50.8798,4.70052,23/08/1914
World War I,France,FRA,03,08,1914,11,11,1918,1561,8578031,50.8798,4.70052,3/08/1914
Taiwan Straits,China,CHN,23,08,1958,23,11,1958,92,1800,24.44751,118.353383,23/08/1958
Taiwan Straits,Taiwan,TWN,23,08,1958,23,11,1958,92,1800,24.44751,118.353383,23/08/1958
World War I,Greece,GRC,29,06,1917,11,11,1918,500,8578031,50.8798,4.70052,29/06/1917
World War I,Italy,ITA,23,05,1915,11,11,1918,1268,8578031,50.8798,4.70052,23/05/1915
Sinai War,United Kingdom,GBR,31,10,1956,06,11,1956,6,3221,30.3694,34.6071,31/10/1956
Sinai War,France,FRA,31,10,1956,06,11,1956,6,3221,30.3694,34.6071,31/10/1956
Sinai War,Israel,ISR,29,10,1956,06,11,1956,8,3221,30.3694,34.6071,29/10/1956
Sinai War,Egypt,EGY,29,10,1956,06,11,1956,8,3221,30.3694,34.6071,29/10/1956
Soviet Invasion of Hungary,USSR,RUS,04,11,1956,14,11,1956,10,2426,47.4979,19.0402,4/11/1956
Soviet Invasion of Hungary,Hungary,HUN,04,11,1956,14,11,1956,10,2426,47.4979,19.0402,4/11/1956
Assam,India,IND,20,10,1962,22,11,1962,33,1853,33.557171,78.745692,20/10/1962
Assam,China,CHN,20,10,1962,22,11,1962,33,1853,33.557171,78.745692,20/10/1962
World War I,United States of America,USA,17,04,1917,11,11,1918,573,8578031,50.8798,4.70052,17/04/1917
World War I,Portugal,PRT,01,03,1916,11,11,1918,985,8578031,50.8798,4.70052,1/03/1916
Italian_Turkish,Turkey,TUR,29,09,1911,18,10,1912,385,20000,32.8872,13.1913,29/09/1911
Italian_Turkish,Italy,ITA,29,09,1911,18,10,1912,385,20000,32.8872,13.1913,29/09/1911
Sino_Russian,Russia,RUS,17,07,1900,10,10,1900,85,4000,45.8038,126.535,17/07/1900
Sino_Russian,China,CHN,17,07,1900,10,10,1900,85,4000,45.8038,126.535,17/07/1900
War of the Pacific,Peru,PER,05,04,1879,23,10,1883,1662,13868,-20.3063,-68.7092,5/04/1879
World War I,Turkey,TUR,28,10,1914,30,10,1918,1463,8578031,50.8798,4.70052,28/10/1914
Franco_Turkish,France,FRA,01,11,1919,20,10,1921,719,40000,41.420057,31.742249,1/11/1919
Franco_Turkish,Turkey,TUR,01,11,1919,20,10,1921,719,40000,41.420057,31.742249,1/11/1919
Second Greco_Turkish,Greece,GRC,05,05,1919,11,10,1922,1255,50000,39.0793,29.2699,5/05/1919
Second Greco_Turkish,Turkey,TUR,05,05,1919,11,10,1922,1255,50000,39.0793,29.2699,5/05/1919
Yom Kippur War,Saudi Arabia,SAU,10,10,1973,24,10,1973,14,14439,33.0388,35.8546,10/10/1973
Yom Kippur War,Israel,ISR,06,10,1973,24,10,1973,18,14439,33.0388,35.8546,6/10/1973
Yom Kippur War,Egypt,EGY,06,10,1973,24,10,1973,18,14439,33.0388,35.8546,6/10/1973
Yom Kippur War,Syria,SYR,06,10,1973,24,10,1973,18,14439,33.0388,35.8546,6/10/1973
Yom Kippur War,Jordan,JOR,10,10,1973,24,10,1973,14,14439,33.0388,35.8546,10/10/1973
Yom Kippur War,Iraq,IRQ,06,10,1973,24,10,1973,18,14439,33.0388,35.8546,6/10/1973
Russo_Polish,Poland,POL,14,02,1919,18,10,1920,612,100000,52.5394,23.4462,14/02/1919
Russo_Polish,Russia,RUS,14,02,1919,18,10,1920,612,100000,52.5394,23.4462,14/02/1919
Italian_Roman,Sardinia/Piedmont,ITA,11,09,1860,29,09,1860,18,1000,45.47,8.88,11/09/1860
Italian_Roman,Papal States,VAT,11,09,1860,29,09,1860,18,1000,45.47,8.88,11/09/1860
Conquest of Egypt,Egypt,EGY,11,07,1882,15,09,1882,66,10079,26.4943,29.872,11/07/1882
Conquest of Egypt,United Kingdom,GBR,11,07,1882,15,09,1882,66,10079,26.4943,29.872,11/07/1882
First Russo_Turkish,Russia,RUS,26,04,1828,14,09,1829,506,130000,45.4353,28.008,26/04/1828
First Russo_Turkish,Ottoman Empire,TUR,26,04,1828,14,09,1829,506,130000,45.4353,28.008,26/04/1828
Mexican_American,United States of America,USA,25,04,1846,14,09,1847,507,19283,31.4911,-99.358,25/04/1846
Mexican_American,Mexico,MEX,25,04,1846,14,09,1847,507,19283,31.4911,-99.358,25/04/1846
Russo_Japanese,Russia,RUS,08,02,1904,15,09,1905,585,151831,38.8517,121.262,8/02/1904
Russo_Japanese,Japan,JPN,08,02,1904,15,09,1905,585,151831,38.8517,121.262,8/02/1904
World War II,Poland,POL,01,09,1939,27,09,1939,26,13365089,52.518553,14.614435,1/09/1939
World War I,Bulgaria,BGR,12,10,1915,29,09,1918,1083,8578031,50.8798,4.70052,12/10/1915
Second Kashmir,India,IND,05,08,1965,23,09,1965,49,7061,33.7594,76.6126,5/08/1965
Second Kashmir,Pakistan,PAK,05,08,1965,23,09,1965,49,7061,33.7594,76.6126,5/08/1965
World War II,Bulgaria,BGR,13,12,1941,08,09,1944,1000,13365089,52.518553,14.614435,13/12/1941
World War II,Italy,ITA,10,06,1940,02,09,1943,1179,13365089,52.518553,14.614435,10/06/1940
World War II,Finland,FIN,25,06,1941,19,09,1944,1182,13365089,52.518553,14.614435,25/06/1941
Nomonhan,USSR,RUS,11,05,1939,16,09,1939,128,28000,47.72182,118.769816,11/05/1939
Nomonhan,Mongolia,MNG,11,05,1939,16,09,1939,128,28000,47.72182,118.769816,11/05/1939
Nomonhan,Japan,JPN,11,05,1939,16,09,1939,128,28000,47.72182,118.769816,11/05/1939
War over Lebanon,Syria,SYR,21,04,1982,15,09,1982,147,1655,33.8938,35.5018,21/04/1982
War over Lebanon,Israel,ISR,21,04,1982,15,09,1982,147,1655,33.8938,35.5018,21/04/1982
War over the Aouzou Strip,Chad,TCD,15,11,1986,11,09,1987,300,8000,21.812487,17.453119,15/11/1986
War over the Aouzou Strip,Libya,LBY,15,11,1986,11,09,1987,300,8000,21.812487,17.453119,15/11/1986
Boxer Rebellion,France,FRA,17,06,1900,14,08,1900,58,3003,39.848295,116.352758,17/06/1900
Boxer Rebellion,United Kingdom,GBR,17,06,1900,14,08,1900,58,3003,39.848295,116.352758,17/06/1900
Boxer Rebellion,Japan,JPN,17,06,1900,14,08,1900,58,3003,39.848295,116.352758,17/06/1900
Boxer Rebellion,China,CHN,17,06,1900,14,08,1900,58,3003,39.848295,116.352758,17/06/1900
Boxer Rebellion,Russia,RUS,17,06,1900,14,08,1900,58,3003,39.848295,116.352758,17/06/1900
Boxer Rebellion,United States of America,USA,17,06,1900,14,08,1900,58,3003,39.848295,116.352758,17/06/1900
First Schleswig_Holstein,Denmark,DNK,10,04,1848,26,08,1848,138,6000,54.8973,8.98718,10/04/1848
First Schleswig_Holstein,Prussia,DEU,10,04,1848,26,08,1848,138,6000,54.8973,8.98718,10/04/1848
Spanish_American,United States of America,USA,22,04,1898,12,08,1898,112,3685,23.1136,-82.3666,22/04/1898
Spanish_American,Spain,ESP,22,04,1898,12,08,1898,112,3685,23.1136,-82.3666,22/04/1898
Austro_Sardinian,Italy,ITA,24,03,1848,09,08,1848,138,7527,46.83,11.97,24/03/1848
World War II,United Kingdom,GBR,03,09,1939,14,08,1945,2172,13365089,52.518553,14.614435,3/09/1939
World War II,South Africa,ZAF,06,09,1939,14,08,1945,2169,13365089,52.518553,14.614435,6/09/1939
World War II,Canada,CAN,10,09,1939,14,08,1945,2165,13365089,52.518553,14.614435,10/09/1939
Iran_Iraq,Iraq,IRQ,22,09,1980,20,08,1988,2889,1250000,30.4622,48.0287,22/09/1980
Iran_Iraq,Iran,IRN,22,09,1980,20,08,1988,2889,1250000,30.4622,48.0287,22/09/1980
Changkufeng,Japan,JPN,29,07,1938,11,08,1938,13,1726,42.445126,130.631813,29/07/1938
Changkufeng,USSR,RUS,29,07,1938,11,08,1938,13,1726,42.445126,130.631813,29/07/1938
World War II,United States of America,USA,07,12,1941,14,08,1945,1346,13365089,52.518553,14.614435,7/12/1941
World War II,Romania,ROU,22,06,1941,23,08,1944,1158,13365089,52.518553,14.614435,22/06/1941
Hungarian Adversaries,Hungary,HUN,16,04,1919,04,08,1919,110,11000,47.738096,22.402331,16/04/1919
Hungarian Adversaries,Romania,ROU,16,04,1919,04,08,1919,110,11000,47.738096,22.402331,16/04/1919
War of Attrition,Egypt,EGY,06,03,1969,07,08,1970,519,5368,30.9629,32.3016,6/03/1969
War of Attrition,Israel,ISR,06,03,1969,07,08,1970,519,5368,30.9629,32.3016,6/03/1969
Second Balkan,Romania,ROU,11,07,1913,30,07,1913,19,60500,41.919138,26.693898,11/07/1913
Second Balkan,Turkey,TUR,15,07,1913,30,07,1913,15,60500,41.919138,26.693898,15/07/1913
Italian Unification,France,FRA,03,05,1859,12,07,1859,70,22500,46.83,11.97,3/05/1859
Third Central American,Honduras,HND,27,05,1906,20,07,1906,54,1000,14.1462,-89.709,27/05/1906
Third Central American,El Salvador,SLV,27,05,1906,20,07,1906,54,1000,14.1462,-89.709,27/05/1906
Third Central American,Guatemala,GTM,27,05,1906,20,07,1906,54,1000,14.1462,-89.709,27/05/1906
Roman Republic,France,FRA,30,04,1849,02,07,1849,63,2600,41.9028,12.4964,30/04/1849
Roman Republic,Papal States,VAT,30,04,1849,02,07,1849,63,2600,41.9028,12.4964,30/04/1849
Italian Unification,Sardinia/Piedmont,ITA,29,04,1859,12,07,1859,74,22500,46.83,11.97,29/04/1859
Korean,Philippines,PHL,16,09,1950,27,07,1953,1045,910084,37.9558,126.677,16/09/1950
Korean,United Kingdom,GBR,29,08,1950,27,07,1953,1063,910084,37.9558,126.677,29/08/1950
World War II,France,FRA,07,07,1940,14,07,1941,372,13365089,52.518553,14.614435,7/07/1940
Football War,El Salvador,SLV,14,07,1969,18,07,1969,4,1900,13.8792,-88.3707,14/07/1969
Football War,Honduras,HND,14,07,1969,18,07,1969,4,1900,13.8792,-88.3707,14/07/1969
Turco_Cypriot,Turkey,TUR,20,07,1974,29,07,1974,9,1500,35.0459,33.2218,20/07/1974
Turco_Cypriot,Cyprus,CYP,20,07,1974,29,07,1974,9,1500,35.0459,33.2218,20/07/1974
Turco_Cypriot,Cyprus,CYP,20,07,1974,29,07,1974,9,1500,35.0459,33.2218,20/07/1974
Seven Weeks,Germany,DEU,15,06,1866,26,07,1866,41,44100,54.13861,9.763035,15/06/1866
Seven Weeks,Italy,ITA,20,06,1866,26,07,1866,36,44100,54.13861,9.763035,20/06/1866
Second Balkan,Bulgaria,BGR,30,06,1913,30,07,1913,30,60500,41.919138,26.693898,30/06/1913
Second Balkan,Greece,GRC,30,06,1913,30,07,1913,30,60500,41.919138,26.693898,30/06/1913
Korean,South Korea,KOR,24,06,1950,27,07,1953,1129,910084,37.9558,126.677,24/06/1950
Korean,United States of America,USA,27,06,1950,27,07,1953,1126,910084,37.9558,126.677,27/06/1950
Korean,North Korea,PRK,24,06,1950,27,07,1953,1129,910084,37.9558,126.677,24/06/1950
Korean,Colombia,COL,06,06,1951,27,07,1953,782,910084,37.9558,126.677,6/06/1951
Korean,Turkey,TUR,18,10,1950,27,07,1953,1013,910084,37.9558,126.677,18/10/1950
Korean,Australia,AUS,10,12,1950,27,07,1953,960,910084,37.9558,126.677,10/12/1950
Korean,China,CHN,27,10,1950,27,07,1953,1004,910084,37.9558,126.677,27/10/1950
Korean,Canada,CAN,19,12,1950,27,07,1953,951,910084,37.9558,126.677,19/12/1950
Arab_Israeli,Syria,SYR,15,05,1948,18,07,1948,64,8000,32.281462,34.851044,15/05/1948
Arab_Israeli,Israel,ISR,15,05,1948,18,07,1948,64,8000,32.281462,34.851044,15/05/1948
Arab_Israeli,Lebanon,LBN,15,05,1948,18,07,1948,64,8000,32.281462,34.851044,15/05/1948
Arab_Israeli,Iraq,IRQ,15,05,1948,18,07,1948,64,8000,32.281462,34.851044,15/05/1948
Arab_Israeli,Jordan,JOR,15,05,1948,18,07,1948,64,8000,32.281462,34.851044,15/05/1948
Arab_Israeli,Egypt,EGY,15,05,1948,18,07,1948,64,8000,32.281462,34.851044,15/05/1948
Korean,Ethiopia,ETH,01,05,1951,27,07,1953,818,910084,37.9558,126.677,1/05/1951
Communist Coalition,United States of America,USA,01,05,1970,02,07,1971,427,6525,19.2248,104.094,1/05/1970
Kargil War,India,IND,08,05,1999,17,07,1999,70,1172,34.1529,73.9277,8/05/1999
Kargil War,Pakistan,PAK,08,05,1999,17,07,1999,70,1172,34.1529,73.9277,8/05/1999
Latvian Liberation,Germany,DEU,16,04,1919,13,07,1919,88,13246,57.396734,27.066578,16/04/1919
Communist Coalition,Vietnam,VNM,23,03,1970,02,07,1971,466,6525,19.2248,104.094,23/03/1970
Communist Coalition,Cambodia,KHM,23,03,1970,02,07,1971,466,6525,19.2248,104.094,23/03/1970
World War II,Ethiopia,ETH,24,01,1941,03,07,1941,160,13365089,52.518553,14.614435,24/01/1941
Korean,Belgium,BEL,20,01,1951,27,07,1953,919,910084,37.9558,126.677,20/01/1951
Korean,France,FRA,01,01,1951,27,07,1953,938,910084,37.9558,126.677,1/01/1951
Korean,Netherlands,NLD,20,01,1951,27,07,1953,919,910084,37.9558,126.677,20/01/1951
Korean,Greece,GRC,20,01,1951,27,07,1953,919,910084,37.9558,126.677,20/01/1951
Korean,Thailand,THA,20,01,1951,27,07,1953,919,910084,37.9558,126.677,20/01/1951
World War II,France,FRA,03,09,1939,22,06,1940,293,13365089,52.518553,14.614435,3/09/1939
Sino_French,China,CHN,15,06,1884,09,06,1885,359,12100,39.9042,116.407,15/06/1884
Sino_French,France,FRA,15,06,1884,09,06,1885,359,12100,39.9042,116.407,15/06/1884
Chaco,Paraguay,PRY,15,06,1932,12,06,1935,1092,92661,-23,-60,15/06/1932
Chaco,Bolivia,BOL,15,06,1932,12,06,1935,1092,92661,-23,-60,15/06/1932
Six Day War,Israel,ISR,05,06,1967,10,06,1967,5,19600,30.9629,32.3016,5/06/1967
Six Day War,Jordan,JOR,05,06,1967,10,06,1967,5,19600,30.9629,32.3016,5/06/1967
Six Day War,Egypt,EGY,05,06,1967,10,06,1967,5,19600,30.9629,32.3016,5/06/1967
Six Day War,Syria,SYR,05,06,1967,10,06,1967,5,19600,30.9629,32.3016,5/06/1967
World War II,Norway,NOR,09,04,1940,09,06,1940,61,13365089,52.518553,14.614435,9/04/1940
Falkland Islands,Argentina,ARG,25,03,1982,15,06,1982,82,1001,-51.7963,-59.5236,25/03/1982
Falkland Islands,United Kingdom,GBR,25,03,1982,15,06,1982,82,1001,-51.7963,-59.5236,25/03/1982
War for Kosovo,Italy,ITA,24,03,1999,10,06,1999,78,5002,42.552398,20.872216,24/03/1999
War for Kosovo,United States of America,USA,24,03,1999,10,06,1999,78,5002,42.552398,20.872216,24/03/1999
War for Kosovo,United Kingdom,GBR,24,03,1999,10,06,1999,78,5002,42.552398,20.872216,24/03/1999
War for Kosovo,Germany,DEU,24,03,1999,10,06,1999,78,5002,42.552398,20.872216,24/03/1999
War for Kosovo,Netherlands,NLD,24,03,1999,10,06,1999,78,5002,42.552398,20.872216,24/03/1999
War for Kosovo,Turkey,TUR,24,03,1999,10,06,1999,78,5002,42.552398,20.872216,24/03/1999
War for Kosovo,France,FRA,24,03,1999,10,06,1999,78,5002,42.552398,20.872216,24/03/1999
Naval War,Chile,CHL,25,09,1865,09,05,1866,226,1000,-13.64,-76.4,25/09/1865
Naval War,Spain,ESP,25,09,1865,09,05,1866,226,1000,-13.64,-76.4,25/09/1865
Greco_Turkish,Turkey,TUR,15,02,1897,19,05,1897,93,2000,35.3387,25.1442,15/02/1897
Greco_Turkish,Greece,GRC,15,02,1897,19,05,1897,93,2000,35.3387,25.1442,15/02/1897
Naval War,Peru,PER,14,01,1866,09,05,1866,115,1000,-13.64,-76.4,14/01/1866
World War II,Bulgaria,BGR,09,09,1944,07,05,1945,240,13365089,52.518553,14.614435,9/09/1944
World War II,Germany,DEU,01,09,1939,07,05,1945,2075,13365089,52.518553,14.614435,1/09/1939
World War II,Romania,ROU,09,09,1944,07,05,1945,240,13365089,52.518553,14.614435,9/09/1944
Second Sino_Japanese,China,CHN,19,12,1931,22,05,1933,520,60000,45.8038,126.535,19/12/1931
Second Sino_Japanese,Japan,JPN,19,12,1931,22,05,1933,520,60000,45.8038,126.535,19/12/1931
Conquest of Ethiopia,Ethiopia,ETH,03,10,1935,09,05,1936,219,20000,7.05,45.4,3/10/1935
Conquest of Ethiopia,Italy,ITA,03,10,1935,09,05,1936,219,20000,7.05,45.4,3/10/1935
World War II,Brazil,BRA,06,07,1944,07,05,1945,305,13365089,52.518553,14.614435,6/07/1944
World War II,Italy,ITA,18,10,1943,07,05,1945,567,13365089,52.518553,14.614435,18/10/1943
World War II,USSR,RUS,22,06,1941,07,05,1945,1415,13365089,52.518553,14.614435,22/06/1941
World War II,Belgium,BEL,10,05,1940,28,05,1940,18,13365089,52.518553,14.614435,10/05/1940
World War II,Netherlands,NLD,10,05,1940,14,05,1940,4,13365089,52.518553,14.614435,10/05/1940
Bosnian Independence,Bosnia,BIH,07,04,1992,13,05,1992,36,5240,44.026656,17.962806,7/04/1992
Bosnian Independence,Croatia,HRV,07,04,1992,13,05,1992,36,5240,44.026656,17.962806,7/04/1992
Saudi_Yemeni,Saudi Arabia,SAU,20,03,1934,13,05,1934,54,2100,17.3755,44.5422,20/03/1934
Invasion of Iraq,United States of America,USA,19,03,2003,02,05,2003,44,7173,36.3566,43.164,19/03/2003
Invasion of Iraq,Iraq,IRQ,19,03,2003,02,05,2003,44,7173,36.3566,43.164,19/03/2003
Invasion of Iraq,Australia,AUS,19,03,2003,02,05,2003,44,7173,36.3566,43.164,19/03/2003
Invasion of Iraq,United Kingdom,GBR,19,03,2003,02,05,2003,44,7173,36.3566,43.164,19/03/2003
Azeri_Armenian,Azerbaijan,AZE,06,02,1993,12,05,1994,460,14000,39.707792,46.183919,6/02/1993
Azeri_Armenian,Armenia,ARM,06,02,1993,12,05,1994,460,14000,39.707792,46.183919,6/02/1993
Anglo_Persian,United Kingdom,GBR,25,10,1856,05,04,1857,162,2000,35.6892,51.389,25/10/1856
Anglo_Persian,Iran,IRN,25,10,1856,05,04,1857,162,2000,35.6892,51.389,25/10/1856
First Central American,El Salvador,SLV,27,03,1876,25,04,1876,29,4000,14.1462,-89.709,27/03/1876
First Central American,Guatemala,GTM,27,03,1876,25,04,1876,29,4000,14.1462,-89.709,27/03/1876
Second Central American,Guatemala,GTM,28,03,1885,15,04,1885,18,1000,14.1462,-89.709,28/03/1885
Second Central American,El Salvador,SLV,28,03,1885,15,04,1885,18,1000,14.1462,-89.709,28/03/1885
Second Schleswig_Holstein,Germany,DEU,01,02,1864,25,04,1864,84,4481,54.51,9.72,1/02/1864
Second Schleswig_Holstein,Denmark,DNK,01,02,1864,25,04,1864,84,4481,54.51,9.72,1/02/1864
Fourth Central American,Nicaragua,NIC,19,02,1907,23,04,1907,63,1000,14.082,-85.4934,19/02/1907
Fourth Central American,Honduras,HND,19,02,1907,23,04,1907,63,1000,14.082,-85.4934,19/02/1907
Fourth Central American,El Salvador,SLV,19,02,1907,23,04,1907,63,1000,14.082,-85.4934,19/02/1907
First Balkan,Turkey,TUR,17,10,1912,19,04,1913,184,82000,41.919138,26.693898,17/10/1912
First Balkan,Greece,GRC,17,10,1912,19,04,1913,184,82000,41.919138,26.693898,17/10/1912
Off_shore Islands,China,CHN,03,09,1954,23,04,1955,232,2370,24.439791,118.402923,3/09/1954
Off_shore Islands,Taiwan,TWN,03,09,1954,23,04,1955,232,2370,24.439791,118.402923,3/09/1954
Latvian Liberation,Germany,DEU,07,12,1918,15,04,1919,129,13246,57.396734,27.066578,7/12/1918
Gulf War,Iraq,IRQ,02,08,1990,11,04,1991,252,41466,29.362458,47.698599,2/08/1990
Gulf War,Kuwait,KWT,02,08,1990,11,04,1991,252,41466,29.362458,47.698599,2/08/1990
World War II,Greece,GRC,25,10,1940,23,04,1941,180,13365089,52.518553,14.614435,25/10/1940
IfniWar,Morocco,MAR,21,11,1957,10,04,1958,140,1122,29.353335,-10.186582,21/11/1957
IfniWar,Spain,ESP,21,11,1957,10,04,1958,140,1122,29.353335,-10.186582,21/11/1957
"Vietnam War, Phase 2",Cambodia,KHM,01,03,1970,17,04,1975,1873,1021442,17.01,106.82,1/03/1970
"Second Laotian, Phase 2",Thailand,THA,17,03,1970,17,04,1973,1127,13875,13.2301,106.617,17/03/1970
Ugandian_Tanzanian,Uganda,UGA,28,10,1978,11,04,1979,165,3000,-1.00008,32.1947,28/10/1978
Ugandian_Tanzanian,Tanzania,TZA,28,10,1978,11,04,1979,165,3000,-1.00008,32.1947,28/10/1978
IfniWar,France,FRA,10,02,1958,10,04,1958,59,1122,29.353335,-10.186582,10/02/1958
"Vietnam War, Phase 2",Vietnam,VNM,07,02,1965,30,04,1975,3734,1021442,17.01,106.82,7/02/1965
Ugandian_Tanzanian,Libya,LBY,01,02,1979,11,04,1979,69,3000,-1.00008,32.1947,1/02/1979
"Second Laotian, Phase 2",United States of America,USA,13,01,1968,17,04,1973,1921,13875,13.2301,106.617,13/01/1968
"Second Laotian, Phase 2",Laos,LAO,13,01,1968,17,04,1973,1921,13875,13.2301,106.617,13/01/1968
"Second Laotian, Phase 2",Vietnam,VNM,13,01,1968,17,04,1973,1921,13875,13.2301,106.617,13/01/1968
Gulf War,Oman,OMN,16,01,1991,11,04,1991,85,41466,29.362458,47.698599,16/01/1991
Gulf War,United Kingdom,GBR,16,01,1991,11,04,1991,85,41466,29.362458,47.698599,16/01/1991
Gulf War,Italy,ITA,16,01,1991,11,04,1991,85,41466,29.362458,47.698599,16/01/1991
Gulf War,Egypt,EGY,16,01,1991,11,04,1991,85,41466,29.362458,47.698599,16/01/1991
Gulf War,Canada,CAN,16,01,1991,11,04,1991,85,41466,29.362458,47.698599,16/01/1991
Gulf War,Qatar,QAT,16,01,1991,11,04,1991,85,41466,29.362458,47.698599,16/01/1991
Gulf War,Morocco,MAR,16,01,1991,11,04,1991,85,41466,29.362458,47.698599,16/01/1991
Gulf War,United States of America,USA,16,01,1991,11,04,1991,85,41466,29.362458,47.698599,16/01/1991
Gulf War,United Arab Emirates,ARE,16,01,1991,11,04,1991,85,41466,29.362458,47.698599,16/01/1991
Gulf War,Saudi Arabia,SAU,16,01,1991,11,04,1991,85,41466,29.362458,47.698599,16/01/1991
Gulf War,France,FRA,16,01,1991,11,04,1991,85,41466,29.362458,47.698599,16/01/1991
Gulf War,Syria,SYR,16,01,1991,11,04,1991,85,41466,29.362458,47.698599,16/01/1991
First Sino_Japanese,China,CHN,25,07,1894,30,03,1895,248,15000,37.046967,126.10608,25/07/1894
First Sino_Japanese,Japan,JPN,25,07,1894,30,03,1895,248,15000,37.046967,126.10608,25/07/1894
Crimean,Turkey,TUR,23,10,1853,01,03,1856,860,264200,33.66,44.83,23/10/1853
Crimean,Russia,RUS,23,10,1853,01,03,1856,860,264200,33.66,44.83,23/10/1853
Second Spanish_Moroccan,Spain,ESP,07,07,1909,23,03,1910,259,10000,32.9735,-5.2002,7/07/1909
Second Spanish_Moroccan,Morocco,MAR,07,07,1909,23,03,1910,259,10000,32.9735,-5.2002,7/07/1909
First Spanish_Moroccan,Spain,ESP,22,10,1859,25,03,1860,155,10000,32.9735,-5.2002,22/10/1859
First Spanish_Moroccan,Morocco,MAR,22,10,1859,25,03,1860,155,10000,32.9735,-5.2002,22/10/1859
Lopez,Paraguay,PRY,12,11,1864,01,03,1870,1935,310000,-22.4135,-55.7422,12/11/1864
Lopez,Brazil,BRA,12,11,1864,01,03,1870,1935,310000,-22.4135,-55.7422,12/11/1864
Crimean,France,FRA,31,03,1854,01,03,1856,701,264200,33.66,44.83,31/03/1854
Crimean,United Kingdom,GBR,31,03,1854,01,03,1856,701,264200,33.66,44.83,31/03/1854
Lopez,Argentina,ARG,05,03,1865,01,03,1870,1822,310000,-22.4135,-55.7422,5/03/1865
Crimean,Italy,ITA,10,01,1855,01,03,1856,416,264200,33.66,44.83,10/01/1855
"Second Ogaden War, Phase 2",Somalia,SOM,23,07,1977,09,03,1978,229,10500,7.70284,47.6729,23/07/1977
"Second Ogaden War, Phase 2",Ethiopia,ETH,23,07,1977,09,03,1978,229,10500,7.70284,47.6729,23/07/1977
Russo_Finnish,Finland,FIN,30,11,1939,12,03,1940,103,151798,60.1699,24.9384,30/11/1939
Russo_Finnish,USSR,RUS,30,11,1939,12,03,1940,103,151798,60.1699,24.9384,30/11/1939
"Second Ogaden War, Phase 2",Cuba,CUB,23,11,1977,09,03,1978,106,10500,7.70284,47.6729,23/11/1977
Sino_Vietnamese Punitive,Vietnam,VNM,17,02,1979,16,03,1979,27,21000,23.2844,105.201,17/02/1979
Sino_Vietnamese Punitive,China,CHN,17,02,1979,16,03,1979,27,21000,23.2844,105.201,17/02/1979
La Plata,Brazil,BRA,19,07,1851,03,02,1852,199,1300,-34.9011,-56.1645,19/07/1851
La Plata,Argentina,ARG,19,07,1851,03,02,1852,199,1300,-34.9011,-56.1645,19/07/1851
Franco_Prussian,Germany,DEU,19,07,1870,26,02,1871,222,204313,49.0463,7.81941,19/07/1870
Franco_Prussian,France,FRA,19,07,1870,26,02,1871,222,204313,49.0463,7.81941,19/07/1870
Neapolitan,Sardinia/Piedmont,ITA,15,10,1860,13,02,1861,121,1000,37.77,12.45,15/10/1860
Franco_Mexican,Mexico,MEX,16,04,1862,05,02,1867,1756,20000,19.1738,-96.1342,16/04/1862
Franco_Mexican,France,FRA,16,04,1862,05,02,1867,1756,20000,19.1738,-96.1342,16/04/1862
Latvian Liberation,Latvia,LVA,02,12,1918,01,02,1920,426,13246,57.396734,27.066578,2/12/1918
Latvian Liberation,Russia,RUS,02,12,1918,01,02,1920,426,13246,57.396734,27.066578,2/12/1918
War over Angola,South Africa,ZAF,23,10,1975,12,02,1976,112,2700,-12.589568,17.026094,23/10/1975
War over Angola,Democratic Republic of the Congo,COD,23,10,1975,12,02,1976,112,2700,-12.589568,17.026094,23/10/1975
War over Angola,Cuba,CUB,23,10,1975,12,02,1976,112,2700,-12.589568,17.026094,23/10/1975
War over Angola,Angola,AGO,11,11,1975,12,02,1976,93,2700,-12.589568,17.026094,11/11/1975
Sino_Vietnamese Border War,Vietnam,VNM,05,01,1987,06,02,1987,32,4000,23.2844,105.201,5/01/1987
Sino_Vietnamese Border War,China,CHN,05,01,1987,06,02,1987,32,4000,23.2844,105.201,5/01/1987
Cenepa Valley,Ecuador,ECU,09,01,1995,27,02,1995,49,1500,4.545201,-78.450167,9/01/1995
Cenepa Valley,Peru,PER,09,01,1995,27,02,1995,49,1500,4.545201,-78.450167,9/01/1995
Second Russo_Turkish,Russia,RUS,24,04,1877,31,01,1878,282,285000,41.8101,21.0937,24/04/1877
Second Russo_Turkish,Turkey,TUR,24,04,1877,31,01,1878,282,285000,41.8101,21.0937,24/04/1877
Vietnamese_Cambodian,Cambodia,KHM,24,09,1977,08,01,1979,471,8000,11.5449,104.892,24/09/1977
Vietnamese_Cambodian,Vietnam,VNM,24,09,1977,08,01,1979,471,8000,11.5449,104.892,24/09/1977
Estonian Liberation,Estonia,EST,22,11,1918,03,01,1920,407,11750,59.354778,28.180112,22/11/1918
Estonian Liberation,Russia,RUS,22,11,1918,03,01,1920,407,11750,59.354778,28.180112,22/11/1918
Estonian Liberation,Finland,FIN,30,12,1918,03,01,1920,369,11750,59.354778,28.180112,30/12/1918
World War II,Hungary,HUN,27,06,1941,20,01,1945,1303,13365089,52.518553,14.614435,27/06/1941
Franco_Thai,France,FRA,01,12,1940,28,01,1941,58,1400,17.885662,102.565174,1/12/1940
Franco_Thai,Thailand,THA,01,12,1940,28,01,1941,58,1400,17.885662,102.565174,1/12/1940
First Kashmir,India,IND,26,10,1947,01,01,1949,433,3500,33.081916,75.977594,26/10/1947
First Kashmir,Pakistan,PAK,26,10,1947,01,01,1949,433,3500,33.081916,75.977594,26/10/1947
"Vietnam War, Phase 2",Philippines,PHL,01,10,1966,28,01,1973,2311,1021442,17.01,106.82,1/10/1966
"Vietnam War, Phase 2",South Korea,KOR,01,05,1965,28,01,1973,2829,1021442,17.01,106.82,1/05/1965
"Vietnam War, Phase 2",Thailand,THA,01,10,1967,28,01,1973,1946,1021442,17.01,106.82,1/10/1967
"Vietnam War, Phase 2",United States of America,USA,07,02,1965,27,01,1973,2911,1021442,17.01,106.82,7/02/1965
Latvian Liberation,Estonia,EST,01,01,1919,03,01,1920,367,13246,57.396734,27.066578,1/01/1919
