"WARNAME","STATENAME","ISO3C","STARTDATE","ENDDATE","TOTAL_WAR_TIME","TOTAL_BATTLE_DEATHS","LAT","LNG"
"Franco_Spanish War","France","FRA",07-APR-23,13-NOV-23,220,1000,42.6924,0.514845
"Franco_Spanish War","Spain","ESP",07-APR-23,13-NOV-23,220,1000,42.6924,0.514845
"First Russo_Turkish","Russia","RUS",26-APR-28,14-SEP-29,506,130000,45.4353,28.008
"First Russo_Turkish","Ottoman Empire","TUR",26-APR-28,14-SEP-29,506,130000,45.4353,28.008
"Mexican_American","United States of America","USA",25-APR-46,14-SEP-47,507,19283,31.4911,-99.358
"Mexican_American","Mexico","MEX",25-APR-46,14-SEP-47,507,19283,31.4911,-99.358
"Austro_Sardinian","Italy","ITA",24-MAR-48,09-AUG-48,138,7527,46.83,11.97
"First Schleswig_Holstein","Denmark","DNK",10-APR-48,26-AUG-48,138,6000,54.8973,8.98718
"First Schleswig_Holstein","Prussia","DEU",10-APR-48,26-AUG-48,138,6000,54.8973,8.98718
"Roman Republic","France","FRA",30-APR-49,02-JUL-49,63,2600,41.9028,12.4964
"Roman Republic","Papal States","VAT",30-APR-49,02-JUL-49,63,2600,41.9028,12.4964
"La Plata","Brazil","BRA",19-JUL-51,03-FEB-52,199,1300,-34.9011,-56.1645
"La Plata","Argentina","ARG",19-JUL-51,03-FEB-52,199,1300,-34.9011,-56.1645
"Crimean","France","FRA",31-MAR-54,01-MAR-56,701,264200,33.66,44.83
"Crimean","Italy","ITA",10-JAN-55,01-MAR-56,416,264200,33.66,44.83
"Crimean","United Kingdom","GBR",31-MAR-54,01-MAR-56,701,264200,33.66,44.83
"Crimean","Turkey","TUR",23-OCT-53,01-MAR-56,860,264200,33.66,44.83
"Crimean","Russia","RUS",23-OCT-53,01-MAR-56,860,264200,33.66,44.83
"Anglo_Persian","United Kingdom","GBR",25-OCT-56,05-APR-57,162,2000,35.6892,51.389
"Anglo_Persian","Iran","IRN",25-OCT-56,05-APR-57,162,2000,35.6892,51.389
"Italian Unification","France","FRA",03-MAY-59,12-JUL-59,70,22500,46.83,11.97
"Italian Unification","Sardinia/Piedmont","ITA",29-APR-59,12-JUL-59,74,22500,46.83,11.97
"First Spanish_Moroccan","Spain","ESP",22-OCT-59,25-MAR-60,155,10000,32.9735,-5.2002
"First Spanish_Moroccan","Morocco","MAR",22-OCT-59,25-MAR-60,155,10000,32.9735,-5.2002
"Italian_Roman","Sardinia/Piedmont","ITA",11-SEP-60,29-SEP-60,18,1000,45.47,8.88
"Italian_Roman","Papal States","VAT",11-SEP-60,29-SEP-60,18,1000,45.47,8.88
"Neapolitan","Sardinia/Piedmont","ITA",15-OCT-60,13-FEB-61,121,1000,37.77,12.45
"Franco_Mexican","Mexico","MEX",16-APR-62,05-FEB-67,1756,20000,19.1738,-96.1342
"Franco_Mexican","France","FRA",16-APR-62,05-FEB-67,1756,20000,19.1738,-96.1342
"Ecuadorian_Colombian","Ecuador","ECU",22-NOV-63,06-DEC-63,14,1000,0.343266,-77.1538
"Ecuadorian_Colombian","Colombia","COL",22-NOV-63,06-DEC-63,14,1000,0.343266,-77.1538
"Second Schleswig_Holstein","Germany","DEU",01-FEB-64,25-APR-64,84,4481,54.51,9.72
"Second Schleswig_Holstein","Denmark","DNK",01-FEB-64,25-APR-64,84,4481,54.51,9.72
"Lopez","Paraguay","PRY",12-NOV-64,01-MAR-70,1935,310000,-22.4135,-55.7422
"Lopez","Brazil","BRA",12-NOV-64,01-MAR-70,1935,310000,-22.4135,-55.7422
"Lopez","Argentina","ARG",05-MAR-65,01-MAR-70,1822,310000,-22.4135,-55.7422
"Naval War","Peru","PER",14-JAN-66,09-MAY-66,115,1000,-13.64,-76.4
"Naval War","Chile","CHL",25-SEP-65,09-MAY-66,226,1000,-13.64,-76.4
"Naval War","Spain","ESP",25-SEP-65,09-MAY-66,226,1000,-13.64,-76.4
"Seven Weeks","Germany","DEU",15-JUN-66,26-JUL-66,41,44100,54.13861,9.763035
"Seven Weeks","Italy","ITA",20-JUN-66,26-JUL-66,36,44100,54.13861,9.763035
"Franco_Prussian","Germany","DEU",19-JUL-70,26-FEB-71,222,204313,49.0463,7.81941
"Franco_Prussian","France","FRA",19-JUL-70,26-FEB-71,222,204313,49.0463,7.81941
"First Central American","El Salvador","SLV",27-MAR-76,25-APR-76,29,4000,14.1462,-89.709
"First Central American","Guatemala","GTM",27-MAR-76,25-APR-76,29,4000,14.1462,-89.709
"Second Russo_Turkish","Russia","RUS",24-APR-77,31-JAN-78,282,285000,41.8101,21.0937
"Second Russo_Turkish","Turkey","TUR",24-APR-77,31-JAN-78,282,285000,41.8101,21.0937
"War of the Pacific","Peru","PER",05-APR-79,23-OCT-83,1662,13868,-20.3063,-68.7092
"War of the Pacific","Bolivia","BOL",14-FEB-79,11-DEC-83,1761,13868,-20.3063,-68.7092
"War of the Pacific","Chile","CHL",14-FEB-79,11-DEC-83,1761,13868,-20.3063,-68.7092
"Conquest of Egypt","Egypt","EGY",11-JUL-82,15-SEP-82,66,10079,26.4943,29.872
"Conquest of Egypt","United Kingdom","GBR",11-JUL-82,15-SEP-82,66,10079,26.4943,29.872
"Sino_French","China","CHN",15-JUN-84,09-JUN-85,359,12100,39.9042,116.407
"Sino_French","France","FRA",15-JUN-84,09-JUN-85,359,12100,39.9042,116.407
"Second Central American","Guatemala","GTM",28-MAR-85,15-APR-85,18,1000,14.1462,-89.709
"Second Central American","El Salvador","SLV",28-MAR-85,15-APR-85,18,1000,14.1462,-89.709
"First Sino_Japanese","China","CHN",25-JUL-94,30-MAR-95,248,15000,37.046967,126.10608
"First Sino_Japanese","Japan","JPN",25-JUL-94,30-MAR-95,248,15000,37.046967,126.10608
"Greco_Turkish","Turkey","TUR",15-FEB-97,19-MAY-97,93,2000,35.3387,25.1442
"Greco_Turkish","Greece","GRC",15-FEB-97,19-MAY-97,93,2000,35.3387,25.1442
"Spanish_American","United States of America","USA",22-APR-98,12-AUG-98,112,3685,23.1136,-82.3666
"Spanish_American","Spain","ESP",22-APR-98,12-AUG-98,112,3685,23.1136,-82.3666
"Boxer Rebellion","France","FRA",17-JUN-00,14-AUG-00,58,3003,39.848295,116.352758
"Boxer Rebellion","United Kingdom","GBR",17-JUN-00,14-AUG-00,58,3003,39.848295,116.352758
"Boxer Rebellion","Japan","JPN",17-JUN-00,14-AUG-00,58,3003,39.848295,116.352758
"Boxer Rebellion","China","CHN",17-JUN-00,14-AUG-00,58,3003,39.848295,116.352758
"Boxer Rebellion","Russia","RUS",17-JUN-00,14-AUG-00,58,3003,39.848295,116.352758
"Boxer Rebellion","United States of America","USA",17-JUN-00,14-AUG-00,58,3003,39.848295,116.352758
"Sino_Russian","Russia","RUS",17-JUL-00,10-OCT-00,85,4000,45.8038,126.535
"Sino_Russian","China","CHN",17-JUL-00,10-OCT-00,85,4000,45.8038,126.535
"Russo_Japanese","Russia","RUS",08-FEB-04,15-SEP-05,585,151831,38.8517,121.262
"Russo_Japanese","Japan","JPN",08-FEB-04,15-SEP-05,585,151831,38.8517,121.262
"Third Central American","Honduras","HND",27-MAY-06,20-JUL-06,54,1000,14.1462,-89.709
"Third Central American","El Salvador","SLV",27-MAY-06,20-JUL-06,54,1000,14.1462,-89.709
"Third Central American","Guatemala","GTM",27-MAY-06,20-JUL-06,54,1000,14.1462,-89.709
"Fourth Central American","Nicaragua","NIC",19-FEB-07,23-APR-07,63,1000,14.082,-85.4934
"Fourth Central American","Honduras","HND",19-FEB-07,23-APR-07,63,1000,14.082,-85.4934
"Fourth Central American","El Salvador","SLV",19-FEB-07,23-APR-07,63,1000,14.082,-85.4934
"Second Spanish_Moroccan","Spain","ESP",07-JUL-09,23-MAR-10,259,10000,32.9735,-5.2002
"Second Spanish_Moroccan","Morocco","MAR",07-JUL-09,23-MAR-10,259,10000,32.9735,-5.2002
"Italian_Turkish","Turkey","TUR",29-SEP-11,18-OCT-12,385,20000,32.8872,13.1913
"Italian_Turkish","Italy","ITA",29-SEP-11,18-OCT-12,385,20000,32.8872,13.1913
"First Balkan","Bulgaria","BGR",17-OCT-12,03-DEC-12,47,82000,41.919138,26.693898
"First Balkan","Turkey","TUR",17-OCT-12,19-APR-13,184,82000,41.919138,26.693898
"First Balkan","Greece","GRC",17-OCT-12,19-APR-13,184,82000,41.919138,26.693898
"Second Balkan","Romania","ROU",11-JUL-13,30-JUL-13,19,60500,41.919138,26.693898
"Second Balkan","Turkey","TUR",15-JUL-13,30-JUL-13,15,60500,41.919138,26.693898
"Second Balkan","Bulgaria","BGR",30-JUN-13,30-JUL-13,30,60500,41.919138,26.693898
"Second Balkan","Greece","GRC",30-JUN-13,30-JUL-13,30,60500,41.919138,26.693898
"World War I","Portugal","PRT",01-MAR-16,11-NOV-18,985,8578031,50.8798,4.70052
"World War I","United Kingdom","GBR",05-AUG-14,11-NOV-18,1559,8578031,50.8798,4.70052
"World War I","Romania","ROU",27-AUG-16,09-DEC-17,469,8578031,50.8798,4.70052
"World War I","Bulgaria","BGR",12-OCT-15,29-SEP-18,1083,8578031,50.8798,4.70052
"World War I","Germany","DEU",01-AUG-14,11-NOV-18,1563,8578031,50.8798,4.70052
"World War I","Belgium","BEL",04-AUG-14,11-NOV-18,1560,8578031,50.8798,4.70052
"World War I","Russia","RUS",01-AUG-14,05-DEC-17,1222,8578031,50.8798,4.70052
"World War I","Italy","ITA",23-MAY-15,11-NOV-18,1268,8578031,50.8798,4.70052
"World War I","United States of America","USA",17-APR-17,11-NOV-18,573,8578031,50.8798,4.70052
"World War I","Turkey","TUR",28-OCT-14,30-OCT-18,1463,8578031,50.8798,4.70052
"World War I","Japan","JPN",23-AUG-14,11-NOV-18,1541,8578031,50.8798,4.70052
"World War I","France","FRA",03-AUG-14,11-NOV-18,1561,8578031,50.8798,4.70052
"World War I","Greece","GRC",29-JUN-17,11-NOV-18,500,8578031,50.8798,4.70052
"Estonian Liberation","Estonia","EST",22-NOV-18,03-JAN-20,407,11750,59.354778,28.180112
"Estonian Liberation","Russia","RUS",22-NOV-18,03-JAN-20,407,11750,59.354778,28.180112
"Estonian Liberation","Finland","FIN",30-DEC-18,03-JAN-20,369,11750,59.354778,28.180112
"Latvian Liberation","Latvia","LVA",02-DEC-18,01-FEB-20,426,13246,57.396734,27.066578
"Latvian Liberation","Russia","RUS",02-DEC-18,01-FEB-20,426,13246,57.396734,27.066578
"Latvian Liberation","Estonia","EST",01-JAN-19,03-JAN-20,367,13246,57.396734,27.066578
"Latvian Liberation","Germany","DEU",16-APR-19,13-JUL-19,88,13246,57.396734,27.066578
"Latvian Liberation","Germany","DEU",07-DEC-18,15-APR-19,129,13246,57.396734,27.066578
"Russo_Polish","Poland","POL",14-FEB-19,18-OCT-20,612,100000,52.5394,23.4462
"Russo_Polish","Russia","RUS",14-FEB-19,18-OCT-20,612,100000,52.5394,23.4462
"Hungarian Adversaries","Hungary","HUN",16-APR-19,04-AUG-19,110,11000,47.738096,22.402331
"Hungarian Adversaries","Romania","ROU",16-APR-19,04-AUG-19,110,11000,47.738096,22.402331
"Second Greco_Turkish","Greece","GRC",05-MAY-19,11-OCT-22,1255,50000,39.0793,29.2699
"Second Greco_Turkish","Turkey","TUR",05-MAY-19,11-OCT-22,1255,50000,39.0793,29.2699
"Franco_Turkish","France","FRA",01-NOV-19,20-OCT-21,719,40000,41.420057,31.742249
"Franco_Turkish","Turkey","TUR",01-NOV-19,20-OCT-21,719,40000,41.420057,31.742249
"Lithuanian_Polish","Poland","POL",15-JUL-20,01-DEC-20,139,1000,54.50719,25.114416
"Lithuanian_Polish","Lithuania","LTU",15-JUL-20,01-DEC-20,139,1000,54.50719,25.114416
"Manchurian","China","CHN",17-AUG-29,03-DEC-29,108,3200,45.8038,126.535
"Manchurian","USSR","RUS",17-AUG-29,03-DEC-29,108,3200,45.8038,126.535
"Second Sino_Japanese","China","CHN",19-DEC-31,22-MAY-33,520,60000,45.8038,126.535
"Second Sino_Japanese","Japan","JPN",19-DEC-31,22-MAY-33,520,60000,45.8038,126.535
"Chaco","Paraguay","PRY",15-JUN-32,12-JUN-35,1092,92661,-23,-60
"Chaco","Bolivia","BOL",15-JUN-32,12-JUN-35,1092,92661,-23,-60
"Saudi_Yemeni","Saudi Arabia","SAU",20-MAR-34,13-MAY-34,54,2100,17.3755,44.5422
"Conquest of Ethiopia","Ethiopia","ETH",03-OCT-35,09-MAY-36,219,20000,7.05,45.4
"Conquest of Ethiopia","Italy","ITA",03-OCT-35,09-MAY-36,219,20000,7.05,45.4
"Third Sino_Japanese","China","CHN",07-JUL-37,06-DEC-41,1613,1000000,38.972156,117.70421
"Third Sino_Japanese","Japan","JPN",07-JUL-37,06-DEC-41,1613,1000000,38.972156,117.70421
"Changkufeng","Japan","JPN",29-JUL-38,11-AUG-38,13,1726,42.445126,130.631813
"Changkufeng","USSR","RUS",29-JUL-38,11-AUG-38,13,1726,42.445126,130.631813
"Nomonhan","USSR","RUS",11-MAY-39,16-SEP-39,128,28000,47.72182,118.769816
"Nomonhan","Mongolia","MNG",11-MAY-39,16-SEP-39,128,28000,47.72182,118.769816
"Nomonhan","Japan","JPN",11-MAY-39,16-SEP-39,128,28000,47.72182,118.769816
"World War II","United States of America","USA",07-DEC-41,14-AUG-45,1346,13365089,52.518553,14.614435
"World War II","France","FRA",03-SEP-39,22-JUN-40,293,13365089,52.518553,14.614435
"World War II","Hungary","HUN",27-JUN-41,20-JAN-45,1303,13365089,52.518553,14.614435
"World War II","Bulgaria","BGR",09-SEP-44,07-MAY-45,240,13365089,52.518553,14.614435
"World War II","Germany","DEU",01-SEP-39,07-MAY-45,2075,13365089,52.518553,14.614435
"World War II","Brazil","BRA",06-JUL-44,07-MAY-45,305,13365089,52.518553,14.614435
"World War II","United Kingdom","GBR",03-SEP-39,14-AUG-45,2172,13365089,52.518553,14.614435
"World War II","Italy","ITA",10-JUN-40,02-SEP-43,1179,13365089,52.518553,14.614435
"World War II","Belgium","BEL",10-MAY-40,28-MAY-40,18,13365089,52.518553,14.614435
"World War II","Poland","POL",01-SEP-39,27-SEP-39,26,13365089,52.518553,14.614435
"World War II","Bulgaria","BGR",13-DEC-41,08-SEP-44,1000,13365089,52.518553,14.614435
"World War II","USSR","RUS",22-JUN-41,07-MAY-45,1415,13365089,52.518553,14.614435
"World War II","South Africa","ZAF",06-SEP-39,14-AUG-45,2169,13365089,52.518553,14.614435
"World War II","Norway","NOR",09-APR-40,09-JUN-40,61,13365089,52.518553,14.614435
"World War II","Netherlands","NLD",10-MAY-40,14-MAY-40,4,13365089,52.518553,14.614435
"World War II","Finland","FIN",25-JUN-41,19-SEP-44,1182,13365089,52.518553,14.614435
"World War II","Romania","ROU",09-SEP-44,07-MAY-45,240,13365089,52.518553,14.614435
"World War II","Ethiopia","ETH",24-JAN-41,03-JUL-41,160,13365089,52.518553,14.614435
"World War II","Greece","GRC",25-OCT-40,23-APR-41,180,13365089,52.518553,14.614435
"World War II","France","FRA",07-JUL-40,14-JUL-41,372,13365089,52.518553,14.614435
"World War II","Canada","CAN",10-SEP-39,14-AUG-45,2165,13365089,52.518553,14.614435
"World War II","Italy","ITA",18-OCT-43,07-MAY-45,567,13365089,52.518553,14.614435
"World War II","Romania","ROU",22-JUN-41,23-AUG-44,1158,13365089,52.518553,14.614435
"Russo_Finnish","Finland","FIN",30-NOV-39,12-MAR-40,103,151798,60.1699,24.9384
"Russo_Finnish","USSR","RUS",30-NOV-39,12-MAR-40,103,151798,60.1699,24.9384
"Franco_Thai","France","FRA",01-DEC-40,28-JAN-41,58,1400,17.885662,102.565174
"Franco_Thai","Thailand","THA",01-DEC-40,28-JAN-41,58,1400,17.885662,102.565174
"First Kashmir","India","IND",26-OCT-47,01-JAN-49,433,3500,33.081916,75.977594
"First Kashmir","Pakistan","PAK",26-OCT-47,01-JAN-49,433,3500,33.081916,75.977594
"Arab_Israeli","Syria","SYR",15-MAY-48,18-JUL-48,64,8000,32.281462,34.851044
"Arab_Israeli","Israel","ISR",15-MAY-48,18-JUL-48,64,8000,32.281462,34.851044
"Arab_Israeli","Lebanon","LBN",15-MAY-48,18-JUL-48,64,8000,32.281462,34.851044
"Arab_Israeli","Iraq","IRQ",15-MAY-48,18-JUL-48,64,8000,32.281462,34.851044
"Arab_Israeli","Jordan","JOR",15-MAY-48,18-JUL-48,64,8000,32.281462,34.851044
"Arab_Israeli","Egypt","EGY",15-MAY-48,18-JUL-48,64,8000,32.281462,34.851044
"Korean","Belgium","BEL",20-JAN-51,27-JUL-53,919,910084,37.9558,126.677
"Korean","France","FRA",01-JAN-51,27-JUL-53,938,910084,37.9558,126.677
"Korean","Turkey","TUR",18-OCT-50,27-JUL-53,1013,910084,37.9558,126.677
"Korean","Ethiopia","ETH",01-MAY-51,27-JUL-53,818,910084,37.9558,126.677
"Korean","South Korea","KOR",24-JUN-50,27-JUL-53,1129,910084,37.9558,126.677
"Korean","United Kingdom","GBR",29-AUG-50,27-JUL-53,1063,910084,37.9558,126.677
"Korean","Netherlands","NLD",20-JAN-51,27-JUL-53,919,910084,37.9558,126.677
"Korean","Australia","AUS",10-DEC-50,27-JUL-53,960,910084,37.9558,126.677
"Korean","China","CHN",27-OCT-50,27-JUL-53,1004,910084,37.9558,126.677
"Korean","Philippines","PHL",16-SEP-50,27-JUL-53,1045,910084,37.9558,126.677
"Korean","Greece","GRC",20-JAN-51,27-JUL-53,919,910084,37.9558,126.677
"Korean","Canada","CAN",19-DEC-50,27-JUL-53,951,910084,37.9558,126.677
"Korean","United States of America","USA",27-JUN-50,27-JUL-53,1126,910084,37.9558,126.677
"Korean","North Korea","PRK",24-JUN-50,27-JUL-53,1129,910084,37.9558,126.677
"Korean","Colombia","COL",06-JUN-51,27-JUL-53,782,910084,37.9558,126.677
"Korean","Thailand","THA",20-JAN-51,27-JUL-53,919,910084,37.9558,126.677
"Off_shore Islands","China","CHN",03-SEP-54,23-APR-55,232,2370,24.439791,118.402923
"Off_shore Islands","Taiwan","TWN",03-SEP-54,23-APR-55,232,2370,24.439791,118.402923
"Sinai War","United Kingdom","GBR",31-OCT-56,06-NOV-56,6,3221,30.3694,34.6071
"Sinai War","France","FRA",31-OCT-56,06-NOV-56,6,3221,30.3694,34.6071
"Sinai War","Israel","ISR",29-OCT-56,06-NOV-56,8,3221,30.3694,34.6071
"Sinai War","Egypt","EGY",29-OCT-56,06-NOV-56,8,3221,30.3694,34.6071
"Soviet Invasion of Hungary","USSR","RUS",04-NOV-56,14-NOV-56,10,2426,47.4979,19.0402
"Soviet Invasion of Hungary","Hungary","HUN",04-NOV-56,14-NOV-56,10,2426,47.4979,19.0402
"IfniWar","Morocco","MAR",21-NOV-57,10-APR-58,140,1122,29.353335,-10.186582
"IfniWar","France","FRA",10-FEB-58,10-APR-58,59,1122,29.353335,-10.186582
"IfniWar","Spain","ESP",21-NOV-57,10-APR-58,140,1122,29.353335,-10.186582
"Taiwan Straits","China","CHN",23-AUG-58,23-NOV-58,92,1800,24.44751,118.353383
"Taiwan Straits","Taiwan","TWN",23-AUG-58,23-NOV-58,92,1800,24.44751,118.353383
"Assam","India","IND",20-OCT-62,22-NOV-62,33,1853,33.557171,78.745692
"Assam","China","CHN",20-OCT-62,22-NOV-62,33,1853,33.557171,78.745692
"Vietnam War, Phase 2","Cambodia","KHM",01-MAR-70,17-APR-75,1873,1021442,17.01,106.82
"Vietnam War, Phase 2","Philippines","PHL",01-OCT-66,28-JAN-73,2311,1021442,17.01,106.82
"Vietnam War, Phase 2","Australia","AUS",07-FEB-65,20-DEC-72,2873,1021442,17.01,106.82
"Vietnam War, Phase 2","United States of America","USA",07-FEB-65,27-JAN-73,2911,1021442,17.01,106.82
"Vietnam War, Phase 2","South Korea","KOR",01-MAY-65,28-JAN-73,2829,1021442,17.01,106.82
"Vietnam War, Phase 2","Vietnam","VNM",07-FEB-65,30-APR-75,3734,1021442,17.01,106.82
"Vietnam War, Phase 2","Thailand","THA",01-OCT-67,28-JAN-73,1946,1021442,17.01,106.82
"Second Kashmir","India","IND",05-AUG-65,23-SEP-65,49,7061,33.7594,76.6126
"Second Kashmir","Pakistan","PAK",05-AUG-65,23-SEP-65,49,7061,33.7594,76.6126
"Six Day War","Israel","ISR",05-JUN-67,10-JUN-67,5,19600,30.9629,32.3016
"Six Day War","Jordan","JOR",05-JUN-67,10-JUN-67,5,19600,30.9629,32.3016
"Six Day War","Egypt","EGY",05-JUN-67,10-JUN-67,5,19600,30.9629,32.3016
"Six Day War","Syria","SYR",05-JUN-67,10-JUN-67,5,19600,30.9629,32.3016
"Second Laotian, Phase 2","Thailand","THA",17-MAR-70,17-APR-73,1127,13875,13.2301,106.617
"Second Laotian, Phase 2","United States of America","USA",13-JAN-68,17-APR-73,1921,13875,13.2301,106.617
"Second Laotian, Phase 2","Laos","LAO",13-JAN-68,17-APR-73,1921,13875,13.2301,106.617
"Second Laotian, Phase 2","Vietnam","VNM",13-JAN-68,17-APR-73,1921,13875,13.2301,106.617
"War of Attrition","Egypt","EGY",06-MAR-69,07-AUG-70,519,5368,30.9629,32.3016
"War of Attrition","Israel","ISR",06-MAR-69,07-AUG-70,519,5368,30.9629,32.3016
"Football War","El Salvador","SLV",14-JUL-69,18-JUL-69,4,1900,13.8792,-88.3707
"Football War","Honduras","HND",14-JUL-69,18-JUL-69,4,1900,13.8792,-88.3707
"Communist Coalition","Vietnam","VNM",23-MAR-70,02-JUL-71,466,6525,19.2248,104.094
"Communist Coalition","United States of America","USA",01-MAY-70,02-JUL-71,427,6525,19.2248,104.094
"Communist Coalition","Cambodia","KHM",23-MAR-70,02-JUL-71,466,6525,19.2248,104.094
"Bangladesh","India","IND",03-DEC-71,17-DEC-71,14,11223,25.224762,88.865899
"Bangladesh","Pakistan","PAK",03-DEC-71,17-DEC-71,14,11223,25.224762,88.865899
"Yom Kippur War","Saudi Arabia","SAU",10-OCT-73,24-OCT-73,14,14439,33.0388,35.8546
"Yom Kippur War","Israel","ISR",06-OCT-73,24-OCT-73,18,14439,33.0388,35.8546
"Yom Kippur War","Egypt","EGY",06-OCT-73,24-OCT-73,18,14439,33.0388,35.8546
"Yom Kippur War","Syria","SYR",06-OCT-73,24-OCT-73,18,14439,33.0388,35.8546
"Yom Kippur War","Jordan","JOR",10-OCT-73,24-OCT-73,14,14439,33.0388,35.8546
"Yom Kippur War","Iraq","IRQ",06-OCT-73,24-OCT-73,18,14439,33.0388,35.8546
"Turco_Cypriot","Turkey","TUR",20-JUL-74,29-JUL-74,9,1500,35.0459,33.2218
"Turco_Cypriot","Cyprus","CYP",20-JUL-74,29-JUL-74,9,1500,35.0459,33.2218
"Turco_Cypriot","Cyprus","CYP",20-JUL-74,29-JUL-74,9,1500,35.0459,33.2218
"War over Angola","South Africa","ZAF",23-OCT-75,12-FEB-76,112,2700,-12.589568,17.026094
"War over Angola","Democratic Republic of the Congo","COD",23-OCT-75,12-FEB-76,112,2700,-12.589568,17.026094
"War over Angola","Cuba","CUB",23-OCT-75,12-FEB-76,112,2700,-12.589568,17.026094
"War over Angola","Angola","AGO",11-NOV-75,12-FEB-76,93,2700,-12.589568,17.026094
"Second Ogaden War, Phase 2","Somalia","SOM",23-JUL-77,09-MAR-78,229,10500,7.70284,47.6729
"Second Ogaden War, Phase 2","Cuba","CUB",23-NOV-77,09-MAR-78,106,10500,7.70284,47.6729
"Second Ogaden War, Phase 2","Ethiopia","ETH",23-JUL-77,09-MAR-78,229,10500,7.70284,47.6729
"Vietnamese_Cambodian","Cambodia","KHM",24-SEP-77,08-JAN-79,471,8000,11.5449,104.892
"Vietnamese_Cambodian","Vietnam","VNM",24-SEP-77,08-JAN-79,471,8000,11.5449,104.892
"Ugandian_Tanzanian","Uganda","UGA",28-OCT-78,11-APR-79,165,3000,-1.00008,32.1947
"Ugandian_Tanzanian","Tanzania","TZA",28-OCT-78,11-APR-79,165,3000,-1.00008,32.1947
"Ugandian_Tanzanian","Libya","LBY",01-FEB-79,11-APR-79,69,3000,-1.00008,32.1947
"Sino_Vietnamese Punitive","Vietnam","VNM",17-FEB-79,16-MAR-79,27,21000,23.2844,105.201
"Sino_Vietnamese Punitive","China","CHN",17-FEB-79,16-MAR-79,27,21000,23.2844,105.201
"Iran_Iraq","Iraq","IRQ",22-SEP-80,20-AUG-88,2889,1250000,30.4622,48.0287
"Iran_Iraq","Iran","IRN",22-SEP-80,20-AUG-88,2889,1250000,30.4622,48.0287
"Falkland Islands","Argentina","ARG",25-MAR-82,15-JUN-82,82,1001,-51.7963,-59.5236
"Falkland Islands","United Kingdom","GBR",25-MAR-82,15-JUN-82,82,1001,-51.7963,-59.5236
"War over Lebanon","Syria","SYR",21-APR-82,15-SEP-82,147,1655,33.8938,35.5018
"War over Lebanon","Israel","ISR",21-APR-82,15-SEP-82,147,1655,33.8938,35.5018
"War over the Aouzou Strip","Chad","TCD",15-NOV-86,11-SEP-87,300,8000,21.812487,17.453119
"War over the Aouzou Strip","Libya","LBY",15-NOV-86,11-SEP-87,300,8000,21.812487,17.453119
"Sino_Vietnamese Border War","Vietnam","VNM",05-JAN-87,06-FEB-87,32,4000,23.2844,105.201
"Sino_Vietnamese Border War","China","CHN",05-JAN-87,06-FEB-87,32,4000,23.2844,105.201
"Gulf War","Oman","OMN",16-JAN-91,11-APR-91,85,41466,29.362458,47.698599
"Gulf War","United Kingdom","GBR",16-JAN-91,11-APR-91,85,41466,29.362458,47.698599
"Gulf War","Italy","ITA",16-JAN-91,11-APR-91,85,41466,29.362458,47.698599
"Gulf War","Egypt","EGY",16-JAN-91,11-APR-91,85,41466,29.362458,47.698599
"Gulf War","Canada","CAN",16-JAN-91,11-APR-91,85,41466,29.362458,47.698599
"Gulf War","Qatar","QAT",16-JAN-91,11-APR-91,85,41466,29.362458,47.698599
"Gulf War","Morocco","MAR",16-JAN-91,11-APR-91,85,41466,29.362458,47.698599
"Gulf War","United States of America","USA",16-JAN-91,11-APR-91,85,41466,29.362458,47.698599
"Gulf War","United Arab Emirates","ARE",16-JAN-91,11-APR-91,85,41466,29.362458,47.698599
"Gulf War","Saudi Arabia","SAU",16-JAN-91,11-APR-91,85,41466,29.362458,47.698599
"Gulf War","Iraq","IRQ",02-AUG-90,11-APR-91,252,41466,29.362458,47.698599
"Gulf War","France","FRA",16-JAN-91,11-APR-91,85,41466,29.362458,47.698599
"Gulf War","Kuwait","KWT",02-AUG-90,11-APR-91,252,41466,29.362458,47.698599
"Gulf War","Syria","SYR",16-JAN-91,11-APR-91,85,41466,29.362458,47.698599
"Bosnian Independence","Bosnia","BIH",07-APR-92,13-MAY-92,36,5240,44.026656,17.962806
"Bosnian Independence","Croatia","HRV",07-APR-92,13-MAY-92,36,5240,44.026656,17.962806
"Azeri_Armenian","Azerbaijan","AZE",06-FEB-93,12-MAY-94,460,14000,39.707792,46.183919
"Azeri_Armenian","Armenia","ARM",06-FEB-93,12-MAY-94,460,14000,39.707792,46.183919
"Cenepa Valley","Ecuador","ECU",09-JAN-95,27-FEB-95,49,1500,4.545201,-78.450167
"Cenepa Valley","Peru","PER",09-JAN-95,27-FEB-95,49,1500,4.545201,-78.450167
"Badme Border","Ethiopia","ETH",06-MAY-98,12-DEC-00,951,120000,14.7256,37.8048
"Badme Border","Eritrea","ERI",06-MAY-98,12-DEC-00,951,120000,14.7256,37.8048
"War for Kosovo","Italy","ITA",24-MAR-99,10-JUN-99,78,5002,42.552398,20.872216
"War for Kosovo","United States of America","USA",24-MAR-99,10-JUN-99,78,5002,42.552398,20.872216
"War for Kosovo","United Kingdom","GBR",24-MAR-99,10-JUN-99,78,5002,42.552398,20.872216
"War for Kosovo","Germany","DEU",24-MAR-99,10-JUN-99,78,5002,42.552398,20.872216
"War for Kosovo","Netherlands","NLD",24-MAR-99,10-JUN-99,78,5002,42.552398,20.872216
"War for Kosovo","Turkey","TUR",24-MAR-99,10-JUN-99,78,5002,42.552398,20.872216
"War for Kosovo","France","FRA",24-MAR-99,10-JUN-99,78,5002,42.552398,20.872216
"Kargil War","India","IND",08-MAY-99,17-JUL-99,70,1172,34.1529,73.9277
"Kargil War","Pakistan","PAK",08-MAY-99,17-JUL-99,70,1172,34.1529,73.9277
"Invasion of Afghanistan","United States of America","USA",07-OCT-01,22-DEC-01,76,4002,34.473231,68.903733
"Invasion of Afghanistan","Australia","AUS",17-OCT-01,22-DEC-01,66,4002,34.473231,68.903733
"Invasion of Afghanistan","France","FRA",21-OCT-01,22-DEC-01,62,4002,34.473231,68.903733
"Invasion of Afghanistan","Afghanistan","AFG",07-OCT-01,22-DEC-01,76,4002,34.473231,68.903733
"Invasion of Afghanistan","Canada","CAN",15-NOV-01,22-DEC-01,37,4002,34.473231,68.903733
"Invasion of Afghanistan","United Kingdom","GBR",07-OCT-01,22-DEC-01,76,4002,34.473231,68.903733
"Invasion of Iraq","United States of America","USA",19-MAR-03,02-MAY-03,44,7173,36.3566,43.164
"Invasion of Iraq","Iraq","IRQ",19-MAR-03,02-MAY-03,44,7173,36.3566,43.164
"Invasion of Iraq","Australia","AUS",19-MAR-03,02-MAY-03,44,7173,36.3566,43.164
"Invasion of Iraq","United Kingdom","GBR",19-MAR-03,02-MAY-03,44,7173,36.3566,43.164
